trial_id,num_targets,correct,accuracy
trial_0,3,1,0.3333333333333333
trial_1,3,0,0.0
trial_2,3,1,0.3333333333333333
trial_3,3,1,0.3333333333333333
trial_4,3,1,0.3333333333333333
